"RK",TIERS,"PLAYER NAME",TEAM,"POS","BYE WEEK","AGE","SOS SEASON","ECR VS. ADP"
"1",1,"Patrick Mahomes II",KC,"QB1","10","27","3 out of 5 stars","-"
"2",1,"Josh Allen",BUF,"QB2","13","27","3 out of 5 stars","-"
"3",1,"Jalen Hurts",PHI,"QB3","10","24","3 out of 5 stars","-"
"4",1,"Justin Jefferson",MIN,"WR1","13","23","3 out of 5 stars","-"
"5",2,"Joe Burrow",CIN,"QB4","7","26","3 out of 5 stars","-"
"6",2,"Bijan Robinson",ATL,"RB1","11","21","4 out of 5 stars","-"
"7",2,"Ja'Marr Chase",CIN,"WR2","7","23","4 out of 5 stars","-"
"8",2,"Jonathan Taylor",IND,"RB2","11","24","3 out of 5 stars","-"
"9",2,"Justin Herbert",LAC,"QB5","5","25","3 out of 5 stars","-"
"10",2,"CeeDee Lamb",DAL,"WR3","7","24","2 out of 5 stars","-"
"11",2,"Breece Hall",NYJ,"RB3","7","21","3 out of 5 stars","-"
"12",3,"Trevor Lawrence",JAC,"QB6","9","23","3 out of 5 stars","-"
"13",3,"A.J. Brown",PHI,"WR4","10","25","3 out of 5 stars","-"
"14",3,"Christian McCaffrey",SF,"RB4","9","26","4 out of 5 stars","-"
"15",3,"Saquon Barkley",NYG,"RB5","13","26","2 out of 5 stars","-"
"16",3,"Garrett Wilson",NYJ,"WR5","7","22","3 out of 5 stars","-"
"17",3,"Jaylen Waddle",MIA,"WR6","10","24","3 out of 5 stars","-"
"18",3,"Amon-Ra St. Brown",DET,"WR7","9","23","3 out of 5 stars","-"
"19",4,"Lamar Jackson",BAL,"QB7","13","26","3 out of 5 stars","-"
"20",4,"Travis Etienne Jr.",JAC,"RB6","9","24","2 out of 5 stars","-"
"21",4,"Jahmyr Gibbs",DET,"RB7","9","21","5 out of 5 stars","-"
"22",4,"Justin Fields",CHI,"QB8","13","24","5 out of 5 stars","-"
"23",4,"Chris Olave",NO,"WR8","11","22","4 out of 5 stars","-"
"24",4,"Kyle Pitts",ATL,"TE1","11","22","3 out of 5 stars","-"
"25",4,"Tyreek Hill",MIA,"WR9","10","29","3 out of 5 stars","-"
"26",4,"Tee Higgins",CIN,"WR10","7","24","4 out of 5 stars","-"
"27",4,"Stefon Diggs",BUF,"WR11","13","29","2 out of 5 stars","-"
"28",4,"Josh Jacobs",LV,"RB8","13","25","3 out of 5 stars","-"
"29",4,"Kenneth Walker III",SEA,"RB9","5","22","2 out of 5 stars","-"
"30",4,"Tony Pollard",DAL,"RB10","7","26","3 out of 5 stars","-"
"31",4,"DeVonta Smith",PHI,"WR12","10","24","3 out of 5 stars","-"
"32",5,"Drake London",ATL,"WR13","11","21","4 out of 5 stars","-"
"33",5,"Deshaun Watson",CLE,"QB9","5","27","2 out of 5 stars","-"
"34",5,"DK Metcalf",SEA,"WR14","5","25","3 out of 5 stars","-"
"35",5,"Cooper Kupp",LAR,"WR15","10","29","3 out of 5 stars","-"
"36",5,"Kyler Murray",ARI,"QB10","14","25","2 out of 5 stars","-"
"37",5,"Davante Adams",LV,"WR16","13","30","2 out of 5 stars","-"
"38",5,"Dak Prescott",DAL,"QB11","7","29","2 out of 5 stars","-"
"39",5,"Travis Kelce",KC,"TE2","10","33","4 out of 5 stars","-"
"40",5,"Anthony Richardson",IND,"QB12","11","21","4 out of 5 stars","-"
"41",5,"Mark Andrews",BAL,"TE3","13","27","4 out of 5 stars","-"
"42",5,"Jaxon Smith-Njigba",SEA,"WR17","5","21","3 out of 5 stars","-"
"43",5,"Austin Ekeler",LAC,"RB11","5","28","3 out of 5 stars","-"
"44",6,"Najee Harris",PIT,"RB12","6","25","3 out of 5 stars","-"
"45",6,"Rhamondre Stevenson",NE,"RB13","11","25","2 out of 5 stars","-"
"46",6,"DJ Moore",CHI,"WR18","13","26","3 out of 5 stars","-"
"47",6,"Bryce Young",CAR,"QB13","7","21","4 out of 5 stars","-"
"48",6,"Chris Godwin",TB,"WR19","5","27","4 out of 5 stars","-"
"49",6,"C.J. Stroud",HOU,"QB14","7","21","3 out of 5 stars","-"
"50",6,"Christian Watson",GB,"WR20","6","24","3 out of 5 stars","-"
"51",6,"Nick Chubb",CLE,"RB14","5","27","3 out of 5 stars","-"
"52",6,"Tua Tagovailoa",MIA,"QB15","10","25","2 out of 5 stars","-"
"53",6,"Michael Pittman Jr.",IND,"WR21","11","25","4 out of 5 stars","-"
"54",6,"Deebo Samuel",SF,"WR22","9","27","3 out of 5 stars","-"
"55",6,"Javonte Williams",DEN,"RB15","9","23","4 out of 5 stars","-"
"56",6,"Jordan Addison",MIN,"WR23","13","21","3 out of 5 stars","-"
"57",6,"Dameon Pierce",HOU,"RB16","7","23","3 out of 5 stars","-"
"58",6,"Daniel Jones",NYG,"QB16","13","26","1 out of 5 stars","-"
"59",6,"Jerry Jeudy",DEN,"WR24","9","24","2 out of 5 stars","-"
"60",6,"Terry McLaurin",WAS,"WR25","14","27","3 out of 5 stars","-"
"61",6,"Treylon Burks",TEN,"WR26","7","23","3 out of 5 stars","-"
"62",6,"Brandon Aiyuk",SF,"WR27","9","25","3 out of 5 stars","-"
"63",6,"Quentin Johnston",LAC,"WR28","5","21","3 out of 5 stars","-"
"64",7,"Jahan Dotson",WAS,"WR29","14","23","3 out of 5 stars","-"
"65",7,"J.K. Dobbins",BAL,"RB17","13","24","3 out of 5 stars","-"
"66",7,"T.J. Hockenson",MIN,"TE4","13","25","3 out of 5 stars","-"
"67",7,"Derrick Henry",TEN,"RB18","7","29","4 out of 5 stars","-"
"68",7,"Kirk Cousins",MIN,"QB17","13","34","4 out of 5 stars","-"
"69",7,"Jameson Williams",DET,"WR30","9","22","3 out of 5 stars","-"
"70",7,"Rachaad White",TB,"RB19","5","24","3 out of 5 stars","-"
"71",7,"Marquise Brown",ARI,"WR31","14","25","3 out of 5 stars","-"
"72",7,"Zay Flowers",BAL,"WR32","13","22","3 out of 5 stars","-"
"73",7,"George Pickens",PIT,"WR33","6","22","3 out of 5 stars","-"
"74",7,"D'Andre Swift",PHI,"RB20","10","24","1 out of 5 stars","-"
"75",7,"Diontae Johnson",PIT,"WR34","6","26","3 out of 5 stars","-"
"76",7,"Miles Sanders",CAR,"RB21","7","26","4 out of 5 stars","-"
"77",7,"Christian Kirk",JAC,"WR35","9","26","4 out of 5 stars","-"
"78",7,"Joe Mixon",CIN,"RB22","7","26","3 out of 5 stars","-"
"79",7,"Aaron Jones",GB,"RB23","6","28","4 out of 5 stars","-"
"80",7,"Geno Smith",SEA,"QB18","5","32","2 out of 5 stars","-"
"81",7,"Amari Cooper",CLE,"WR36","5","28","3 out of 5 stars","-"
"82",7,"Cam Akers",LAR,"RB24","10","23","3 out of 5 stars","-"
"83",7,"George Kittle",SF,"TE5","9","29","3 out of 5 stars","-"
"84",7,"Dallas Goedert",PHI,"TE6","10","28","2 out of 5 stars","-"
"85",7,"Calvin Ridley",JAC,"WR37","9","28","4 out of 5 stars","-"
"86",7,"Jared Goff",DET,"QB19","9","28","4 out of 5 stars","-"
"87",8,"Dalvin Cook",MIN,"RB25","13","27","5 out of 5 stars","-"
"88",8,"Kenny Pickett",PIT,"QB20","6","24","2 out of 5 stars","-"
"89",8,"Russell Wilson",DEN,"QB21","9","34","4 out of 5 stars","-"
"90",8,"Trey Lance",SF,"QB22","9","23","3 out of 5 stars","-"
"91",8,"DeAndre Hopkins",ARI,"WR38","14","30","3 out of 5 stars","-"
"92",8,"Rashod Bateman",BAL,"WR39","13","23","3 out of 5 stars","-"
"93",8,"Isiah Pacheco",KC,"RB26","10","23","4 out of 5 stars","-"
"94",8,"Aaron Rodgers",NYJ,"QB23","7","39","2 out of 5 stars","-"
"95",8,"Pat Freiermuth",PIT,"TE7","6","24","4 out of 5 stars","-"
"96",8,"Zach Charbonnet",SEA,"RB27","5","22","2 out of 5 stars","-"
"97",8,"David Montgomery",DET,"RB28","9","25","5 out of 5 stars","-"
"98",8,"Mike Williams",LAC,"WR40","5","28","3 out of 5 stars","-"
"99",8,"Jordan Love",GB,"QB24","6","24","5 out of 5 stars","-"
"100",8,"Dalton Kincaid",BUF,"TE8","13","23","3 out of 5 stars","-"
"101",8,"Mike Evans",TB,"WR41","5","29","4 out of 5 stars","-"
"102",8,"Keenan Allen",LAC,"WR42","5","31","3 out of 5 stars","-"
"103",8,"Derek Carr",NO,"QB25","11","32","5 out of 5 stars","-"
"104",8,"AJ Dillon",GB,"RB29","6","25","4 out of 5 stars","-"
"105",8,"Devon Achane",MIA,"RB30","10","21","1 out of 5 stars","-"
"106",8,"Alvin Kamara",NO,"RB31","11","27","4 out of 5 stars","-"
"107",8,"James Cook",BUF,"RB32","13","23","2 out of 5 stars","-"
"108",8,"Kadarius Toney",KC,"WR43","10","24","2 out of 5 stars","-"
"109",8,"Kendre Miller",NO,"RB33","11","20","4 out of 5 stars","-"
"110",9,"Elijah Moore",CLE,"WR44","5","23","3 out of 5 stars","-"
"111",9,"Brian Robinson Jr.",WAS,"RB34","14","24","3 out of 5 stars","-"
"112",9,"Khalil Herbert",CHI,"RB35","13","25","5 out of 5 stars","-"
"113",9,"Tyler Lockett",SEA,"WR45","5","30","3 out of 5 stars","-"
"114",9,"David Njoku",CLE,"TE9","5","26","3 out of 5 stars","-"
"115",9,"Courtland Sutton",DEN,"WR46","9","27","2 out of 5 stars","-"
"116",9,"Mac Jones",NE,"QB26","11","24","2 out of 5 stars","-"
"117",9,"James Conner",ARI,"RB36","14","28","3 out of 5 stars","-"
"118",9,"Greg Dulcich",DEN,"TE10","9","23","4 out of 5 stars","-"
"119",9,"Gabe Davis",BUF,"WR47","13","24","2 out of 5 stars","-"
"120",9,"Marvin Mims Jr.",DEN,"WR48","9","21","2 out of 5 stars","-"
"121",9,"Darren Waller",NYG,"TE11","13","30","1 out of 5 stars","-"
"122",9,"JuJu Smith-Schuster",NE,"WR49","11","26","2 out of 5 stars","-"
"123",9,"Roschon Johnson",CHI,"RB37","13","22","5 out of 5 stars","-"
"124",9,"Evan Engram",JAC,"TE12","9","28","2 out of 5 stars","-"
"125",9,"Antonio Gibson",WAS,"RB38","14","24","3 out of 5 stars","-"
"126",9,"Jakobi Meyers",LV,"WR50","13","26","2 out of 5 stars","-"
"127",9,"Michael Mayer",LV,"TE13","13","21","5 out of 5 stars","-"
"128",9,"Josh Downs",IND,"WR51","11","21","4 out of 5 stars","-"
"129",9,"Brock Purdy",SF,"QB27","9","23","3 out of 5 stars","-"
"130",9,"Jayden Reed",GB,"WR52","6","23","3 out of 5 stars","-"
"131",9,"Sam LaPorta",DET,"TE14","9","22","3 out of 5 stars","-"
"132",9,"Alexander Mattison",MIN,"RB39","13","24","5 out of 5 stars","-"
"133",9,"Tank Bigsby",JAC,"RB40","9","21","2 out of 5 stars","-"
"134",9,"Jonathan Mingo",CAR,"WR53","7","22","4 out of 5 stars","-"
"135",9,"Will Levis",TEN,"QB28","7","23","4 out of 5 stars","-"
"136",9,"Rashee Rice",KC,"WR54","10","23","2 out of 5 stars","-"
"137",9,"Chigoziem Okonkwo",TEN,"TE15","7","23","3 out of 5 stars","-"
"138",9,"Darnell Mooney",CHI,"WR55","13","25","3 out of 5 stars","-"
"139",9,"Tyjae Spears",TEN,"RB41","7","21","4 out of 5 stars","-"
"140",9,"Brandin Cooks",DAL,"WR56","7","29","2 out of 5 stars","-"
"141",9,"Jamaal Williams",NO,"RB42","11","28","4 out of 5 stars","-"
"142",10,"Damien Harris",BUF,"RB43","13","26","2 out of 5 stars","-"
"143",10,"Tyler Allgeier",ATL,"RB44","11","23","4 out of 5 stars","-"
"144",10,"Matthew Stafford",LAR,"QB29","10","35","2 out of 5 stars","-"
"145",10,"Cole Kmet",CHI,"TE16","13","24","4 out of 5 stars","-"
"146",10,"Skyy Moore",KC,"WR57","10","22","2 out of 5 stars","-"
"147",10,"Wan'Dale Robinson",NYG,"WR58","13","22","3 out of 5 stars","-"
"148",10,"Jalin Hyatt",NYG,"WR59","13","21","3 out of 5 stars","-"
"149",10,"Rashaad Penny",PHI,"RB45","10","27","1 out of 5 stars","-"
"150",10,"Elijah Mitchell",SF,"RB46","9","25","4 out of 5 stars","-"
"151",10,"Jimmy Garoppolo",LV,"QB30","13","31","4 out of 5 stars","-"
"152",10,"Dalton Schultz",HOU,"TE17","7","26","3 out of 5 stars","-"
"153",10,"Rondale Moore",ARI,"WR60","14","22","3 out of 5 stars","-"
"154",10,"Trey McBride",ARI,"TE18","14","23","2 out of 5 stars","-"
"155",10,"Devin Singletary",HOU,"RB47","7","25","3 out of 5 stars","-"
"156",10,"Alec Pierce",IND,"WR61","11","23","4 out of 5 stars","-"
"157",10,"Nico Collins",HOU,"WR62","7","24","4 out of 5 stars","-"
"158",10,"Chase Brown",CIN,"RB48","7","23","3 out of 5 stars","-"
"159",10,"Donovan Peoples-Jones",CLE,"WR63","5","24","3 out of 5 stars","-"
"160",10,"Kenneth Gainwell",PHI,"RB49","10","24","1 out of 5 stars","-"
"161",10,"Cedric Tillman",CLE,"WR64","5","23","3 out of 5 stars","-"
"162",10,"Sam Howell",WAS,"QB31","14","22","1 out of 5 stars","-"
"163",10,"Chase Claypool",CHI,"WR65","13","24","3 out of 5 stars","-"
"164",10,"Samaje Perine",DEN,"RB50","9","27","4 out of 5 stars","-"
"165",10,"Ezekiel Elliott",FA,"RB51","-","27","-","-"
"166",10,"Michael Thomas",NO,"WR66","11","30","4 out of 5 stars","-"
"167",10,"Tyler Boyd",CIN,"WR67","7","28","4 out of 5 stars","-"
"168",10,"Romeo Doubs",GB,"WR68","6","23","3 out of 5 stars","-"
"169",10,"Leonard Fournette",FA,"RB52","-","28","-","-"
"170",11,"Zach Evans",LAR,"RB53","10","21","3 out of 5 stars","-"
"171",11,"Israel Abanikanda",NYJ,"RB54","7","20","3 out of 5 stars","-"
"172",11,"Noah Fant",SEA,"TE19","5","25","2 out of 5 stars","-"
"173",11,"D'Onta Foreman",CHI,"RB55","13","27","5 out of 5 stars","-"
"174",11,"Desmond Ridder",ATL,"QB32","11","23","4 out of 5 stars","-"
"175",11,"Jeff Wilson Jr.",MIA,"RB56","10","27","1 out of 5 stars","-"
"176",11,"Odell Beckham Jr.",BAL,"WR69","13","30","3 out of 5 stars","-"
"177",11,"John Metchie III",HOU,"WR70","7","22","4 out of 5 stars","-"
"178",11,"Juwan Johnson",NO,"TE20","11","26","5 out of 5 stars","-"
"179",11,"Luke Musgrave",GB,"TE21","6","22","4 out of 5 stars","-"
"180",11,"Michael Gallup",DAL,"WR71","7","27","2 out of 5 stars","-"
"181",11,"DJ Chark Jr.",CAR,"WR72","7","26","4 out of 5 stars","-"
"182",11,"Allen Lazard",NYJ,"WR73","7","27","3 out of 5 stars","-"
"183",11,"Michael Carter",NYJ,"RB57","7","24","3 out of 5 stars","-"
"184",11,"Clyde Edwards-Helaire",KC,"RB58","10","24","4 out of 5 stars","-"
"185",11,"Tank Dell",HOU,"WR74","7","23","4 out of 5 stars","-"
"186",11,"Curtis Samuel",WAS,"WR75","14","26","3 out of 5 stars","-"
"187",11,"Jelani Woods",IND,"TE22","11","24","3 out of 5 stars","-"
"188",11,"Kareem Hunt",FA,"RB59","-","27","-","-"
"189",11,"Mike Gesicki",NE,"TE23","11","27","2 out of 5 stars","-"
"190",11,"Ryan Tannehill",TEN,"QB33","7","34","4 out of 5 stars","-"
"191",11,"Hunter Renfrow",LV,"WR76","13","27","2 out of 5 stars","-"
"192",11,"Isaiah Likely",BAL,"TE24","13","23","4 out of 5 stars","-"
"193",11,"Jerick McKinnon",KC,"RB60","10","31","4 out of 5 stars","-"
"194",11,"Zay Jones",JAC,"WR77","9","28","4 out of 5 stars","-"
"195",11,"Joshua Palmer",LAC,"WR78","5","23","3 out of 5 stars","-"
"196",11,"Jaylen Warren",PIT,"RB61","6","24","3 out of 5 stars","-"
"197",11,"Raheem Mostert",MIA,"RB62","10","31","1 out of 5 stars","-"
"198",11,"Dawson Knox",BUF,"TE25","13","26","3 out of 5 stars","-"
"199",11,"Luke Schoonmaker",DAL,"TE26","7","24","3 out of 5 stars","-"
"200",11,"Khalil Shakir",BUF,"WR79","13","23","2 out of 5 stars","-"
"201",11,"Chuba Hubbard",CAR,"RB63","7","23","4 out of 5 stars","-"
"202",11,"Zamir White",LV,"RB64","13","23","3 out of 5 stars","-"
"203",11,"K.J. Osborn",MIN,"WR80","13","25","3 out of 5 stars","-"
"204",11,"Isaiah Hodgins",NYG,"WR81","13","24","3 out of 5 stars","-"
"205",11,"Gerald Everett",LAC,"TE27","5","28","4 out of 5 stars","-"
"206",11,"Adam Thielen",CAR,"WR82","7","32","4 out of 5 stars","-"
"207",11,"Hendon Hooker",DET,"QB34","9","25","4 out of 5 stars","-"
"208",11,"Terrace Marshall Jr.",CAR,"WR83","7","22","4 out of 5 stars","-"
"209",11,"Rashid Shaheed",NO,"WR84","11","24","4 out of 5 stars","-"
"210",11,"Kayshon Boutte",NE,"WR85","11","21","2 out of 5 stars","-"
"211",11,"James Robinson",NE,"RB65","11","24","2 out of 5 stars","-"
"212",12,"Evan Hull",IND,"RB66","11","22","3 out of 5 stars","-"
"213",12,"Cordarrelle Patterson",ATL,"RB67","11","32","4 out of 5 stars","-"
"214",12,"Tyler Higbee",LAR,"TE28","10","30","2 out of 5 stars","-"
"215",12,"Tyquan Thornton",NE,"WR86","11","22","2 out of 5 stars","-"
"216",12,"Gus Edwards",BAL,"RB68","13","28","3 out of 5 stars","-"
"217",12,"Michael Wilson",ARI,"WR87","14","23","3 out of 5 stars","-"
"218",12,"Irv Smith Jr.",CIN,"TE29","7","24","4 out of 5 stars","-"
"219",12,"Jerome Ford",CLE,"RB69","5","23","3 out of 5 stars","-"
"220",12,"Tyler Scott",CHI,"WR88","13","21","3 out of 5 stars","-"
"221",12,"Darnell Washington",PIT,"TE30","6","21","4 out of 5 stars","-"
"222",12,"DeWayne McBride",MIN,"RB70","13","21","5 out of 5 stars","-"
"223",12,"Allen Robinson II",PIT,"WR89","6","29","3 out of 5 stars","-"
"224",12,"Cade Otton",TB,"TE31","5","24","2 out of 5 stars","-"
"225",12,"Isaiah Spiller",LAC,"RB71","5","21","3 out of 5 stars","-"
"226",12,"Tucker Kraft",GB,"TE32","6","22","4 out of 5 stars","-"
"227",12,"Pierre Strong Jr.",NE,"RB72","11","24","2 out of 5 stars","-"
"228",12,"Deuce Vaughn",DAL,"RB73","7","21","3 out of 5 stars","-"
"229",12,"Corey Davis",NYJ,"WR90","7","28","3 out of 5 stars","-"
"230",12,"Zonovan Knight",NYJ,"RB74","7","22","3 out of 5 stars","-"
"231",12,"Parris Campbell",NYG,"WR91","13","25","3 out of 5 stars","-"
"232",12,"Mecole Hardman Jr.",NYJ,"WR92","7","25","3 out of 5 stars","-"
"233",12,"Hunter Henry",NE,"TE33","11","28","2 out of 5 stars","-"
"234",12,"Darius Slayton",NYG,"WR93","13","26","3 out of 5 stars","-"
"235",12,"Eric Gray",NYG,"RB75","13","23","2 out of 5 stars","-"
"236",12,"Zach Ertz",ARI,"TE34","14","32","2 out of 5 stars","-"
"237",12,"Daniel Bellinger",NYG,"TE35","13","22","1 out of 5 stars","-"
"238",12,"Hayden Hurst",CAR,"TE36","7","29","3 out of 5 stars","-"
"239",12,"Van Jefferson",LAR,"WR94","10","26","3 out of 5 stars","-"
"240",12,"Xavier Hutchinson",HOU,"WR95","7","22","4 out of 5 stars","-"
"241",12,"Robert Woods",HOU,"WR96","7","31","4 out of 5 stars","-"
"242",12,"Chase Edmonds",TB,"RB76","5","27","3 out of 5 stars","-"
"243",12,"Tim Patrick",DEN,"WR97","9","29","2 out of 5 stars","-"
"244",12,"Russell Gage",TB,"WR98","5","27","4 out of 5 stars","-"
"245",12,"Puka Nacua",LAR,"WR99","10","22","3 out of 5 stars","-"
"246",12,"D'Ernest Johnson",JAC,"RB77","9","27","2 out of 5 stars","-"
"247",12,"Marquez Valdes-Scantling",KC,"WR100","10","28","2 out of 5 stars","-"
"248",12,"David Bell",CLE,"WR101","5","22","3 out of 5 stars","-"
"249",12,"Kyren Williams",LAR,"RB78","10","22","3 out of 5 stars","-"
"250",12,"Keaontay Ingram",ARI,"RB79","14","23","3 out of 5 stars","-"
"251",12,"Sean Tucker",TB,"RB80","5","21","3 out of 5 stars","-"
"252",12,"Nyheim Hines",BUF,"RB81","13","26","2 out of 5 stars","-"
"253",12,"A.T. Perry",NO,"WR102","11","23","4 out of 5 stars","-"
"254",12,"Parker Washington",JAC,"WR103","9","21","4 out of 5 stars","-"
"255",12,"Jake Ferguson",DAL,"TE37","7","24","3 out of 5 stars","-"
"256",12,"Joshua Kelley",LAC,"RB82","5","25","3 out of 5 stars","-"
"257",12,"Hassan Haskins",TEN,"RB83","7","23","4 out of 5 stars","-"
"258",12,"DeVante Parker",NE,"WR104","11","30","2 out of 5 stars","-"
"259",12,"Kyle Philips",TEN,"WR105","7","23","3 out of 5 stars","-"
"260",13,"Zack Moss",IND,"RB84","11","25","3 out of 5 stars","-"
"261",13,"Taysom Hill",NO,"TE38","11","32","5 out of 5 stars","-"
"262",13,"Chris Rodriguez Jr.",WAS,"RB85","14","22","3 out of 5 stars","-"
"263",13,"Tyrion Davis-Price",SF,"RB86","9","22","4 out of 5 stars","-"
"264",13,"Kenny McIntosh",SEA,"RB87","5","23","2 out of 5 stars","-"
"265",13,"Tyler Conklin",NYJ,"TE39","7","27","3 out of 5 stars","-"
"266",13,"Deon Jackson",IND,"RB88","11","24","3 out of 5 stars","-"
"267",13,"Isaiah McKenzie",IND,"WR106","11","28","4 out of 5 stars","-"
"268",13,"Laviska Shenault Jr.",CAR,"WR107","7","24","4 out of 5 stars","-"
"269",13,"KJ Hamler",DEN,"WR108","9","23","2 out of 5 stars","-"
"270",13,"Baker Mayfield",TB,"QB35","5","28","3 out of 5 stars","-"
"271",13,"Jalen Tolbert",DAL,"WR109","7","24","2 out of 5 stars","-"
"272",13,"Devin Duvernay",BAL,"WR110","13","25","3 out of 5 stars","-"
"273",13,"Trey Palmer",TB,"WR111","5","22","4 out of 5 stars","-"
"274",13,"Logan Thomas",WAS,"TE40","14","31","3 out of 5 stars","-"
"275",13,"Chris Evans",CIN,"RB89","7","25","3 out of 5 stars","-"
"276",13,"JaMycal Hasty",JAC,"RB90","9","26","2 out of 5 stars","-"
"277",13,"Dontayvion Wicks",GB,"WR112","6","21","3 out of 5 stars","-"
"278",13,"Brenton Strange",JAC,"TE41","9","22","2 out of 5 stars","-"
"279",13,"Robert Tonyan",CHI,"TE42","13","29","4 out of 5 stars","-"
"280",13,"Kevin Harris",NE,"RB91","11","22","2 out of 5 stars","-"
"281",13,"Albert Okwuegbunam",DEN,"TE43","9","25","4 out of 5 stars","-"
"282",13,"Kendrick Bourne",NE,"WR113","11","27","2 out of 5 stars","-"
"283",13,"Charlie Jones",CIN,"WR114","7","24","4 out of 5 stars","-"
"284",13,"Velus Jones Jr.",CHI,"WR115","13","26","3 out of 5 stars","-"
"285",13,"Eno Benjamin",NO,"RB92","11","24","4 out of 5 stars","-"
"286",13,"Ronald Jones II",DAL,"RB93","7","25","3 out of 5 stars","-"
"287",13,"Ty Chandler",MIN,"RB94","13","25","5 out of 5 stars","-"
"288",13,"Latavius Murray",BUF,"RB95","13","33","2 out of 5 stars","-"
"289",13,"Andrei Iosivas",CIN,"WR116","7","23","4 out of 5 stars","-"
"290",13,"Darrell Henderson Jr.",FA,"RB96","-","25","-","-"
"291",13,"Zach Wilson",NYJ,"QB36","7","23","2 out of 5 stars","-"
"292",13,"Sterling Shepard",NYG,"WR117","13","30","3 out of 5 stars","-"
"293",13,"Austin Hooper",LV,"TE44","13","28","5 out of 5 stars","-"
"294",13,"Brevin Jordan",HOU,"TE45","7","22","3 out of 5 stars","-"
"295",13,"Richie James Jr.",KC,"WR118","10","27","2 out of 5 stars","-"
"296",13,"Greg Dortch",ARI,"WR119","14","25","3 out of 5 stars","-"
"297",13,"Sam Darnold",SF,"QB37","9","25","3 out of 5 stars","-"
"298",13,"Boston Scott",PHI,"RB97","10","28","1 out of 5 stars","-"
"299",13,"Mohamed Ibrahim",DET,"RB98","9","24","5 out of 5 stars","-"
"300",13,"Harrison Bryant",CLE,"TE46","5","25","3 out of 5 stars","-"
"301",13,"Zack Kuntz",NYJ,"TE47","7","23","3 out of 5 stars","-"
"302",13,"Justyn Ross",KC,"WR120","10","23","2 out of 5 stars","-"
"303",13,"Melvin Gordon III",FA,"RB99","-","30","-","-"
"304",13,"Jacoby Brissett",WAS,"QB38","14","30","1 out of 5 stars","-"
"305",13,"Calvin Austin III",PIT,"WR121","6","24","3 out of 5 stars","-"
"306",14,"Tre Tucker",LV,"WR122","13","22","2 out of 5 stars","-"
"307",14,"Jonnu Smith",ATL,"TE48","11","27","3 out of 5 stars","-"
"308",14,"Dyami Brown",WAS,"WR123","14","23","3 out of 5 stars","-"
"309",14,"Marvin Jones Jr.",DET,"WR124","9","33","3 out of 5 stars","-"
"310",14,"Tutu Atwell",LAR,"WR125","10","23","3 out of 5 stars","-"
"311",14,"Josh Reynolds",DET,"WR126","9","28","3 out of 5 stars","-"
"312",14,"Deonte Harty",BUF,"WR127","13","25","2 out of 5 stars","-"
"313",14,"Adam Trautman",DEN,"TE49","9","26","4 out of 5 stars","-"
"314",14,"Jameis Winston",NO,"QB39","11","29","5 out of 5 stars","-"
"315",14,"Trey Sermon",PHI,"RB100","10","24","1 out of 5 stars","-"
"316",14,"Kylen Granson",IND,"TE50","11","25","3 out of 5 stars","-"
"317",14,"Noah Gray",KC,"TE51","10","24","4 out of 5 stars","-"
"318",14,"Jordan Mason",SF,"RB101","9","24","4 out of 5 stars","-"
"319",14,"Danny Gray",SF,"WR128","9","24","3 out of 5 stars","-"
"320",14,"Kenyan Drake",FA,"RB102","-","29","-","-"
"321",14,"J.D. McKissic",FA,"RB103","-","29","-","-"
"322",14,"Jarvis Landry",FA,"WR129","-","30","-","-"
"323",14,"Will Dissly",SEA,"TE52","5","26","2 out of 5 stars","-"
"324",14,"Dontrell Hilliard",FA,"RB104","-","28","-","-"
"325",14,"Cameron Latu",SF,"TE53","9","23","3 out of 5 stars","-"
"326",14,"Lew Nichols III",GB,"RB105","6","21","4 out of 5 stars","-"
"327",14,"Tyler Badie",DEN,"RB106","9","23","4 out of 5 stars","-"
"328",14,"Noah Brown",HOU,"WR130","7","27","4 out of 5 stars","-"
"329",14,"Trestan Ebner",CHI,"RB107","13","24","5 out of 5 stars","-"
"330",14,"Justin Shorter",BUF,"WR131","13","23","2 out of 5 stars","-"
"331",14,"Myles Gaskin",MIA,"RB108","10","26","1 out of 5 stars","-"
"332",14,"Bailey Zappe",NE,"QB40","11","24","2 out of 5 stars","-"
"333",14,"Ke'Shawn Vaughn",TB,"RB109","5","26","3 out of 5 stars","-"
"334",14,"Snoop Conner",JAC,"RB110","9","23","2 out of 5 stars","-"
"335",14,"Derius Davis",LAC,"WR132","5","22","3 out of 5 stars","-"
"336",14,"Malik Davis",DAL,"RB111","7","24","3 out of 5 stars","-"
"337",14,"Donald Parham Jr.",LAC,"TE54","5","25","4 out of 5 stars","-"
"338",14,"Elijah Higgins",MIA,"TE55","10","22","2 out of 5 stars","-"
"339",14,"Tommy Tremble",CAR,"TE56","7","22","3 out of 5 stars","-"
"340",14,"Julio Jones",FA,"WR133","-","34","-","-"
"341",14,"Mike White",MIA,"QB41","10","28","2 out of 5 stars","-"
"342",14,"Jeremy Ruckert",NYJ,"TE57","7","22","3 out of 5 stars","-"
"343",14,"Quez Watkins",PHI,"WR134","10","24","3 out of 5 stars","-"
"344",14,"Marquez Callaway",DEN,"WR135","9","25","2 out of 5 stars","-"
"345",14,"DeeJay Dallas",SEA,"RB112","5","24","2 out of 5 stars","-"
"346",14,"Foster Moreau",NO,"TE58","11","26","5 out of 5 stars","-"
"347",14,"C.J. Uzomah",NYJ,"TE59","7","30","3 out of 5 stars","-"
"348",14,"Will Mallory",IND,"TE60","11","23","3 out of 5 stars","-"
"349",14,"Chosen Anderson",MIA,"WR136","10","30","3 out of 5 stars","-"
"350",14,"Hunter Long",LAR,"TE61","10","24","2 out of 5 stars","-"
"351",14,"Gardner Minshew II",IND,"QB42","11","27","4 out of 5 stars","-"
"352",14,"Marcus Mariota",PHI,"QB43","10","29","3 out of 5 stars","-"
"353",14,"Jake Haener",NO,"QB44","11","24","5 out of 5 stars","-"
"354",14,"Mack Hollins",ATL,"WR137","11","29","4 out of 5 stars","-"
"355",14,"Kene Nwangwu",MIN,"RB113","13","25","5 out of 5 stars","-"
"356",14,"Olamide Zaccheaus",PHI,"WR138","10","25","3 out of 5 stars","-"
"357",14,"Kyle Trask",TB,"QB45","5","25","3 out of 5 stars","-"
"358",14,"Stetson Bennett",LAR,"QB46","10","25","2 out of 5 stars","-"
"359",14,"Craig Reynolds",DET,"RB114","9","26","5 out of 5 stars","-"
"360",14,"Ben Skowronek",LAR,"WR139","10","25","3 out of 5 stars","-"
"361",14,"Jamison Crowder",NYG,"WR140","13","29","3 out of 5 stars","-"
"362",14,"Malik Willis",TEN,"QB47","7","24","4 out of 5 stars","-"
"363",14,"Trayveon Williams",CIN,"RB115","7","25","3 out of 5 stars","-"
"364",14,"Matt Breida",NYG,"RB116","13","28","2 out of 5 stars","-"
"365",14,"Nelson Agholor",BAL,"WR141","13","30","3 out of 5 stars","-"
"366",14,"Carson Wentz",FA,"QB48","-","30","-","-"
"367",15,"Cedrick Wilson Jr.",MIA,"WR142","10","27","3 out of 5 stars","-"
"368",15,"Taylor Heinicke",ATL,"QB49","11","30","4 out of 5 stars","-"
"369",15,"Rakim Jarrett",TB,"WR143","5","22","4 out of 5 stars","-"
"370",15,"Bryce Ford-Wheaton",NYG,"WR144","13","23","3 out of 5 stars","-"
"371",15,"Peyton Hendershot",DAL,"TE62","7","24","3 out of 5 stars","-"
"372",15,"Demario Douglas",NE,"WR145","11","22","2 out of 5 stars","-"
"373",15,"Andy Dalton",CAR,"QB50","7","35","4 out of 5 stars","-"
"374",15,"Amari Rodgers",HOU,"WR146","7","23","4 out of 5 stars","-"
"375",15,"Ronnie Bell",SF,"WR147","9","23","3 out of 5 stars","-"
"376",15,"Keaton Mitchell",BAL,"RB117","13","21","3 out of 5 stars","-"
"377",15,"Denzel Mims",NYJ,"WR148","7","25","3 out of 5 stars","-"
"378",15,"Davis Mills",HOU,"QB51","7","24","3 out of 5 stars","-"
"379",15,"Charlie Kolar",BAL,"TE63","13","24","4 out of 5 stars","-"
"380",15,"Matt Corral",CAR,"QB52","7","24","4 out of 5 stars","-"
"381",15,"Darrel Williams",FA,"RB118","-","28","-","-"
"382",15,"Justice Hill",BAL,"RB119","13","25","3 out of 5 stars","-"
"383",15,"Mike Boone",HOU,"RB120","7","27","3 out of 5 stars","-"
"384",15,"Jarrett Stidham",DEN,"QB53","9","26","4 out of 5 stars","-"
"385",15,"Mo Alie-Cox",IND,"TE64","11","29","3 out of 5 stars","-"
"386",15,"Sony Michel",FA,"RB121","-","28","-","-"
"387",15,"Nick Westbrook-Ikhine",TEN,"WR149","7","26","3 out of 5 stars","-"
"388",15,"Justin Jackson",FA,"RB122","-","27","-","-"
"389",15,"Jauan Jennings",SF,"WR150","9","25","3 out of 5 stars","-"
"390",15,"Tyler Huntley",BAL,"QB54","13","25","3 out of 5 stars","-"
"391",15,"Marlon Mack",FA,"RB123","-","27","-","-"
"392",15,"Rex Burkhead",FA,"RB124","-","32","-","-"
"393",15,"DeAndre Carter",LV,"WR151","13","30","2 out of 5 stars","-"
"394",15,"Braxton Berrios",MIA,"WR152","10","27","3 out of 5 stars","-"
"395",15,"Camerun Peoples",CAR,"RB125","7","23","4 out of 5 stars","-"
"396",15,"James Mitchell",DET,"TE65","9","23","3 out of 5 stars","-"
"397",15,"Raheem Blackshear",CAR,"RB126","7","23","4 out of 5 stars","-"
"398",15,"Clayton Tune",ARI,"QB55","14","24","2 out of 5 stars","-"
"399",15,"Bryan Edwards",NO,"WR153","11","24","4 out of 5 stars","-"
"400",15,"Durham Smythe",MIA,"TE66","10","27","2 out of 5 stars","-"
"401",15,"Josh Oliver",MIN,"TE67","13","26","3 out of 5 stars","-"
"402",15,"Mark Ingram II",FA,"RB127","-","33","-","-"
"403",15,"Dorian Thompson-Robinson",CLE,"QB56","5","23","2 out of 5 stars","-"
"404",15,"Salvon Ahmed",MIA,"RB128","10","24","1 out of 5 stars","-"
"405",15,"Payne Durham",TB,"TE68","5","22","2 out of 5 stars","-"
"406",15,"Jaren Hall",MIN,"QB57","13","25","4 out of 5 stars","-"
"407",15,"Jordan Akins",CLE,"TE69","5","31","3 out of 5 stars","-"
"408",15,"O.J. Howard",LV,"TE70","13","28","5 out of 5 stars","-"
"409",15,"Davis Allen",LAR,"TE71","10","22","2 out of 5 stars","-"
"410",15,"Xazavian Valladay",HOU,"RB129","7","-","3 out of 5 stars","-"
"411",15,"Dont'e Thorton",FA,"WR154","-","-","-","-"
"412",15,"Rico Dowdle",DAL,"RB130","7","24","3 out of 5 stars","-"
"413",15,"Kenny Golladay",FA,"WR155","-","29","-","-"
"414",15,"Matt Ryan",FA,"QB58","-","38","-","-"
"415",15,"Ashton Dulin",IND,"WR156","11","26","4 out of 5 stars","-"
"416",15,"Mitch Trubisky",PIT,"QB59","6","28","2 out of 5 stars","-"
"417",15,"Grant Calcaterra",PHI,"TE72","10","24","2 out of 5 stars","-"
"418",15,"Shi Smith",CAR,"WR157","7","24","4 out of 5 stars","-"
"419",15,"Kalif Raymond",DET,"WR158","9","28","3 out of 5 stars","-"
"420",15,"Dan Arnold",PHI,"TE73","10","28","2 out of 5 stars","-"
"421",15,"William Fuller V",FA,"WR159","-","29","-","-"
"422",15,"Justin Watson",KC,"WR160","10","27","2 out of 5 stars","-"
"423",15,"Ty Johnson",FA,"RB131","-","25","-","-"
"424",15,"Erik Ezukanma",MIA,"WR161","10","23","3 out of 5 stars","-"
"425",16,"Jalen Guyton",LAC,"WR162","5","25","3 out of 5 stars","-"
"426",16,"Demarcus Robinson",FA,"WR163","-","28","-","-"
"427",16,"Dontay Demus",FA,"WR164","-","-","-","-"
"428",16,"Caleb Huntley",ATL,"RB132","11","24","4 out of 5 stars","-"
"429",16,"Anthony Schwartz",CLE,"WR165","5","22","3 out of 5 stars","-"
"430",16,"Byron Pringle",FA,"WR166","-","29","-","-"
"431",16,"Tyler Johnson",FA,"WR167","-","24","-","-"
"432",16,"Trent Sherfield",BUF,"WR168","13","27","2 out of 5 stars","-"
"433",16,"Jalen Reagor",MIN,"WR169","13","24","3 out of 5 stars","-"
"434",16,"Dee Eskridge",SEA,"WR170","5","26","3 out of 5 stars","-"
"435",16,"Randall Cobb",NYJ,"WR171","7","32","3 out of 5 stars","-"
"436",16,"Tre'Quan Smith",NO,"WR172","11","27","4 out of 5 stars","-"
"437",16,"Kylin Hill",FA,"RB133","-","24","-","-"
"438",16,"Scotty Miller",ATL,"WR173","11","25","4 out of 5 stars","-"
"439",16,"John Bates",WAS,"TE74","14","25","3 out of 5 stars","-"
"440",16,"Larry Rountree III",LAC,"RB134","5","24","3 out of 5 stars","-"
"441",16,"Cooper Rush",DAL,"QB60","7","29","2 out of 5 stars","-"
"442",16,"Mike Strachan",IND,"WR174","11","25","4 out of 5 stars","-"
"443",16,"Darrynton Evans",FA,"RB135","-","24","-","-"
"444",16,"Jaelon Darden",CLE,"WR175","5","24","3 out of 5 stars","-"
"445",16,"Travis Homer",CHI,"RB136","13","24","5 out of 5 stars","-"
"446",16,"Benny Snell Jr.",FA,"RB137","-","25","-","-"
"447",16,"Gary Brightwell",NYG,"RB138","13","24","2 out of 5 stars","-"
"448",16,"Royce Freeman",FA,"RB139","-","27","-","-"
"449",16,"Breshad Perriman",FA,"WR176","-","29","-","-"
"450",16,"J.J. Taylor",NE,"RB140","11","25","2 out of 5 stars","-"
"451",16,"Samori Toure",GB,"WR177","6","25","3 out of 5 stars","-"
"452",16,"Zach Pascal",ARI,"WR178","14","28","3 out of 5 stars","-"
"453",16,"Tiyon Evans",LAR,"RB141","10","21","3 out of 5 stars","-"
"454",16,"Julius Chestnut",TEN,"RB142","7","22","4 out of 5 stars","-"
"455",16,"Jaret Patterson",WAS,"RB143","14","23","3 out of 5 stars","-"
"456",16,"Artavis Scott",FA,"WR179","-","28","-","-"
"457",16,"P.J. Walker",CHI,"QB61","13","28","5 out of 5 stars","-"
"458",16,"Sam Ehlinger",IND,"QB62","11","24","4 out of 5 stars","-"
"459",16,"Grant DuBose",GB,"WR180","6","21","3 out of 5 stars","-"
"460",16,"Tavion Thomas",FA,"RB144","-","-","-","-"
"461",16,"Sincere McCormick",LV,"RB145","13","22","3 out of 5 stars","-"
"462",16,"Cameron Brate",FA,"TE75","-","31","-","-"
"463",16,"Rashard Higgins",FA,"WR181","-","28","-","-"
"464",16,"James Proche II",BAL,"WR182","13","26","3 out of 5 stars","-"
"465",16,"Tony Jones Jr.",DEN,"RB146","9","25","4 out of 5 stars","-"
"466",16,"Teddy Bridgewater",FA,"QB63","-","30","-","-"
"467",16,"Aidan O'Connell",LV,"QB64","13","24","4 out of 5 stars","-"
"468",16,"Colby Parkinson",SEA,"TE76","5","24","2 out of 5 stars","-"
"469",16,"Zakhari Franklin",FA,"WR183","-","-","-","-"
"470",16,"Drew Lock",SEA,"QB65","5","26","2 out of 5 stars","-"
"471",16,"Equanimeous St. Brown",CHI,"WR184","13","26","3 out of 5 stars","-"
"472",16,"Demond Demas",FA,"WR185","-","-","-","-"
"473",16,"Skylar Thompson",MIA,"QB66","10","25","2 out of 5 stars","-"
"474",16,"Kellen Mond",CLE,"QB67","5","23","2 out of 5 stars","-"
"475",16,"Jacob Eason",FA,"QB68","-","25","-","-"
"476",16,"Jalen Nailor",MIN,"WR186","13","24","3 out of 5 stars","-"
"477",16,"Damien Williams",FA,"RB147","-","31","-","-"
"478",16,"Demetric Felton Jr.",CLE,"RB148","5","24","3 out of 5 stars","-"
"479",16,"N'Keal Harry",FA,"WR187","-","25","-","-"
"480",16,"Tanner McKee",PHI,"QB69","10","23","3 out of 5 stars","-"
"481",16,"Ian Thomas",CAR,"TE77","7","26","3 out of 5 stars","-"
"482",16,"Ameer Abdullah",LV,"RB149","13","29","3 out of 5 stars","-"
"483",16,"Brandon Bolden",LV,"RB150","13","33","3 out of 5 stars","-"
"484",16,"Tevin Coleman",FA,"RB151","-","30","-","-"
"485",16,"Cole Turner",WAS,"TE78","14","23","3 out of 5 stars","-"
"486",16,"Ihmir Smith-Marsette",KC,"WR188","10","23","2 out of 5 stars","-"
"487",16,"Jermar Jefferson",DET,"RB152","9","23","5 out of 5 stars","-"
"488",16,"Tylan Wallace",BAL,"WR189","13","24","3 out of 5 stars","-"
"489",16,"Quintez Cephus",DET,"WR190","9","25","3 out of 5 stars","-"
"490",16,"Kennedy Brooks",PHI,"RB153","10","24","1 out of 5 stars","-"
"491",16,"Brock Wright",DET,"TE79","9","24","3 out of 5 stars","-"
"492",16,"James Washington",NO,"WR191","11","27","4 out of 5 stars","-"
"493",16,"Jamal Agnew",JAC,"WR192","9","28","4 out of 5 stars","-"
"494",16,"Tre' McKitty",LAC,"TE80","5","24","4 out of 5 stars","-"
"495",16,"Jacob Harris",JAC,"TE81","9","26","2 out of 5 stars","-"
"496",16,"Sammy Watkins",FA,"WR193","-","29","-","-"
"497",16,"Dare Ogunbowale",HOU,"RB154","7","29","3 out of 5 stars","-"
"498",16,"Keelan Cole Sr.",LV,"WR194","13","30","2 out of 5 stars","-"
"499",16,"Preston Williams",FA,"WR195","-","26","-","-"
"500",16,"Bo Melton",GB,"WR196","6","24","3 out of 5 stars","-"
"501",16,"Josiah Deguara",GB,"TE82","6","26","4 out of 5 stars","-"
"502",16,"Dante Pettis",CHI,"WR197","13","27","3 out of 5 stars","-"
"503",16,"Antonio Brown",FA,"WR198","-","34","-","-"
"504",16,"Dareke Young",SEA,"WR199","5","23","3 out of 5 stars","-"
"505",16,"Simi Fehoko",DAL,"WR200","7","25","2 out of 5 stars","-"
"506",16,"Eric Saubert",MIA,"TE83","10","29","2 out of 5 stars","-"
"507",16,"Phillip Dorsett II",LV,"WR201","13","30","2 out of 5 stars","-"
"508",16,"Marquise Goodwin",CLE,"WR202","5","32","3 out of 5 stars","-"
"509",16,"Quintin Morris",BUF,"TE84","13","24","3 out of 5 stars","-"
"510",16,"Lynn Bowden Jr.",FA,"WR203","-","25","-","-"
"511",16,"Kendall Hinton",DEN,"WR204","9","26","2 out of 5 stars","-"
"512",16,"Dez Fitzpatrick",PIT,"WR205","6","25","3 out of 5 stars","-"
"513",16,"Anthony Miller",PIT,"WR206","6","28","3 out of 5 stars","-"
"514",16,"Kenny Yeboah",NYJ,"TE85","7","24","3 out of 5 stars","-"
"515",16,"Anthony Firkser",FA,"TE86","-","28","-","-"
"516",16,"Brycen Hopkins",LAR,"TE87","10","26","2 out of 5 stars","-"
"517",16,"Teagan Quitoriano",HOU,"TE88","7","23","3 out of 5 stars","-"
"518",16,"Maxx Williams",FA,"TE89","-","29","-","-"